-- phpMyAdmin SQL Dump
-- version 5.2.1
-- https://www.phpmyadmin.net/
--
-- Host: 127.0.0.1
-- Tempo de geração: 13/11/2025 às 00:36
-- Versão do servidor: 10.6.15-MariaDB
-- Versão do PHP: 8.2.0

SET SQL_MODE = "NO_AUTO_VALUE_ON_ZERO";
START TRANSACTION;
SET time_zone = "+00:00";


/*!40101 SET @OLD_CHARACTER_SET_CLIENT=@@CHARACTER_SET_CLIENT */;
/*!40101 SET @OLD_CHARACTER_SET_RESULTS=@@CHARACTER_SET_RESULTS */;
/*!40101 SET @OLD_COLLATION_CONNECTION=@@COLLATION_CONNECTION */;
/*!40101 SET NAMES utf8mb4 */;

--
-- Banco de dados: `db_enfermagem`
--

-- --------------------------------------------------------

--
-- Estrutura para tabela `tbl_anamnese`
--

CREATE TABLE `tbl_anamnese` (
  `id` int(11) NOT NULL,
  `id_paciente` int(11) NOT NULL,
  `motivo` varchar(255) NOT NULL,
  `inicio_sintoma` date NOT NULL,
  `descricao_sintoma` varchar(255) NOT NULL,
  `rh` varchar(255) NOT NULL,
  `sinais_vitais` varchar(255) NOT NULL,
  `ja_aconteceu_antes` tinyint(1) NOT NULL,
  `tem_doencas_cronicas` tinyint(1) NOT NULL,
  `doencas_cronicas` varchar(255) NOT NULL,
  `tem_alergias` tinyint(1) NOT NULL,
  `alergias` varchar(255) NOT NULL,
  `usa_medicamentos_continuos` tinyint(1) NOT NULL,
  `medicamentos_continuos` varchar(255) NOT NULL,
  `tem_doencas_familia` tinyint(1) NOT NULL,
  `doencas_familia` varchar(255) NOT NULL,
  `outras_drogas` varchar(255) NOT NULL,
  `outras_drogas_descricao` varchar(255) NOT NULL,
  `fuma` tinyint(1) NOT NULL,
  `ingere_alcool` tinyint(1) NOT NULL,
  `atividade_fisica` tinyint(1) NOT NULL,
  `registro` timestamp NOT NULL DEFAULT current_timestamp()
) ENGINE=InnoDB DEFAULT CHARSET=utf8mb4 COLLATE=utf8mb4_general_ci;

-- --------------------------------------------------------

--
-- Estrutura para tabela `tbl_endereco`
--

CREATE TABLE `tbl_endereco` (
  `id` int(11) NOT NULL,
  `cep` varchar(9) NOT NULL,
  `rua` varchar(255) NOT NULL,
  `bairro` varchar(255) NOT NULL,
  `cidade` varchar(255) NOT NULL,
  `complemento` text NOT NULL
) ENGINE=InnoDB DEFAULT CHARSET=utf8mb4 COLLATE=utf8mb4_general_ci;

--
-- Despejando dados para a tabela `tbl_endereco`
--

INSERT INTO `tbl_endereco` (`id`, `cep`, `rua`, `bairro`, `cidade`, `complemento`) VALUES
(9, '68971970', 'Rua da Paz', 'Goiabas', 'Belo Horizonte', 'perto da praça'),
(10, '50012112', 'Rua da Maçã', 'Laranjeiras', 'Cidade da paz', ''),
(11, '50012112', 'Rua da Maçã', 'Laranjeiras', 'Cidade da paz', ''),
(12, '50012112', 'Rua da Maçã', 'Laranjeiras', 'Cidade da paz', ''),
(13, '36612101', 'Rua de Silva Moraes', 'Laranjeiras', 'Cidade da paz', ''),
(14, '65058-890', 'Rua Sete de Setembro', 'Vila Janaína', 'São Luís', ''),
(15, '90003-020', 'Rua primeiro de Janeiro', 'São Pedro', 'São Luís', ''),
(16, '49037-160', 'Rua Fábio Fortes', 'Atalaia', 'Aracaju', ''),
(17, '49037-160', 'Rua Fábio Fortes', 'Atalaia', 'Aracaju', '');

-- --------------------------------------------------------

--
-- Estrutura para tabela `tbl_evolucao`
--

CREATE TABLE `tbl_evolucao` (
  `id` int(11) NOT NULL,
  `id_paciente` int(11) NOT NULL,
  `data_atendimento` date NOT NULL,
  `pressao` varchar(50) NOT NULL,
  `glicemia` varchar(50) NOT NULL,
  `pulso` varchar(20) NOT NULL,
  `frequencia_cardiaca` varchar(20) NOT NULL,
  `frequencia_respiratoria` varchar(20) NOT NULL,
  `temperatura_axilar` varchar(20) NOT NULL,
  `observacao` text NOT NULL,
  `id_user` int(11) NOT NULL
) ENGINE=InnoDB DEFAULT CHARSET=utf8mb4 COLLATE=utf8mb4_general_ci;

--
-- Despejando dados para a tabela `tbl_evolucao`
--

INSERT INTO `tbl_evolucao` (`id`, `id_paciente`, `data_atendimento`, `pressao`, `glicemia`, `pulso`, `frequencia_cardiaca`, `frequencia_respiratoria`, `temperatura_axilar`, `observacao`, `id_user`) VALUES
(20, 9, '2025-11-02', '90', '85', '', '', '', '', 'Situação normalizou', 3),
(22, 9, '2025-11-02', '90', '85', '', '', '', '', 'Pressão abaixou', 8),
(23, 9, '2025-11-03', '89', '90', '', '', '', '', 'Glicemia aumentou', 9),
(38, 11, '2025-11-04', '89', '88', '', '', '', '', 'Situação normalizou', 3),
(40, 9, '2025-11-11', '89', '88', '', '', '', '', 'Situação estabilizada', 8),
(41, 15, '2025-11-11', '88', '90', '', '', '', '', 'Pressão normalizou', 9),
(42, 15, '2025-11-12', '80', '88', '100', '90', '14', '35.5', 'Situação normalizou', 3);

-- --------------------------------------------------------

--
-- Estrutura para tabela `tbl_exame_fisico`
--

CREATE TABLE `tbl_exame_fisico` (
  `id` int(11) NOT NULL,
  `id_paciente` int(11) NOT NULL,
  `pa` varchar(100) NOT NULL,
  `glicemia` varchar(100) NOT NULL,
  `peso` varchar(10) NOT NULL,
  `altura` varchar(10) NOT NULL,
  `tipagem_sanguinea` varchar(30) NOT NULL,
  `registro` timestamp NOT NULL DEFAULT current_timestamp()
) ENGINE=InnoDB DEFAULT CHARSET=utf8mb4 COLLATE=utf8mb4_general_ci;

-- --------------------------------------------------------

--
-- Estrutura para tabela `tbl_paciente`
--

CREATE TABLE `tbl_paciente` (
  `id` int(11) NOT NULL,
  `nome` varchar(255) NOT NULL,
  `data_nascimento` date NOT NULL,
  `nome_mae` varchar(255) NOT NULL,
  `mae_nao_consta` tinyint(1) NOT NULL,
  `cpf` varchar(14) NOT NULL,
  `rg` varchar(50) NOT NULL,
  `ssp` varchar(10) NOT NULL,
  `telefone` varchar(50) NOT NULL,
  `cartao_sus` varchar(255) NOT NULL,
  `id_endereco` int(11) NOT NULL,
  `registro` timestamp NOT NULL DEFAULT current_timestamp()
) ENGINE=InnoDB DEFAULT CHARSET=utf8mb4 COLLATE=utf8mb4_general_ci;

--
-- Despejando dados para a tabela `tbl_paciente`
--

INSERT INTO `tbl_paciente` (`id`, `nome`, `data_nascimento`, `nome_mae`, `mae_nao_consta`, `cpf`, `rg`, `ssp`, `telefone`, `cartao_sus`, `id_endereco`, `registro`) VALUES
(9, 'Rafael Silva', '1998-10-16', 'Julia', 1, '1234567', '45646546', 'MA', '98986117230', '2342343240', 9, '2025-10-17 00:28:46'),
(10, 'Marcelo Abreu', '1999-11-06', 'Carla', 0, '785.006.420-84', '28.850.458-6', 'MA', '99865212201', '', 12, '2025-11-05 00:11:03'),
(11, 'Helena Carla', '1998-10-28', 'Lara', 0, '780.616.422-81', '28.850.128-2', 'MA', '(88) 98231-2345', '', 13, '2025-11-05 00:31:26'),
(12, 'Wellinton', '1994-11-12', 'Maria', 0, '960.234.402-02', '28.120.128-2', 'MA', '(11) 92211-2345', '', 14, '2025-11-06 13:26:36'),
(13, 'Henrique', '1996-11-12', 'Maria', 0, '901.704.402-11', '78.120.128-2', 'MA', '(11) 92881-2345', '', 15, '2025-11-06 13:28:57'),
(14, 'Roberto Murilo Viana', '2002-11-06', 'Rosa Maria Campelo', 0, '760.267.102-11', '18.810.878-0', 'MA', '98996562230', '', 16, '2025-11-08 14:20:37'),
(15, 'Roberto Murilo Viana', '2002-11-06', 'Rosa Maria Campelo', 0, '760.267.102-11', '18.810.878-0', 'MA', '98996562230', '', 17, '2025-11-08 14:21:20');

-- --------------------------------------------------------

--
-- Estrutura para tabela `tbl_prontuario`
--

CREATE TABLE `tbl_prontuario` (
  `id` int(11) NOT NULL,
  `numero_prontuario` int(11) NOT NULL,
  `data_atendimento` date NOT NULL,
  `id_paciente` int(11) NOT NULL,
  `id_user` int(11) NOT NULL,
  `registro` timestamp NOT NULL DEFAULT current_timestamp()
) ENGINE=InnoDB DEFAULT CHARSET=utf8mb4 COLLATE=utf8mb4_general_ci;

--
-- Despejando dados para a tabela `tbl_prontuario`
--

INSERT INTO `tbl_prontuario` (`id`, `numero_prontuario`, `data_atendimento`, `id_paciente`, `id_user`, `registro`) VALUES
(8, 3, '2025-10-17', 9, 3, '2025-10-17 00:28:46'),
(9, 4, '2025-11-04', 10, 3, '2025-11-05 00:11:03'),
(10, 5, '2025-11-04', 11, 8, '2025-11-05 00:31:26'),
(11, 6, '2025-11-06', 12, 9, '2025-11-06 13:26:36'),
(12, 7, '2025-11-06', 13, 3, '2025-11-06 13:28:57'),
(14, 8, '2025-11-08', 15, 9, '2025-11-08 14:21:20');

-- --------------------------------------------------------

--
-- Estrutura para tabela `tbl_tipo_usuario`
--

CREATE TABLE `tbl_tipo_usuario` (
  `id` int(11) NOT NULL,
  `tipo_usuario` varchar(20) NOT NULL
) ENGINE=InnoDB DEFAULT CHARSET=utf8mb4 COLLATE=utf8mb4_general_ci;

--
-- Despejando dados para a tabela `tbl_tipo_usuario`
--

INSERT INTO `tbl_tipo_usuario` (`id`, `tipo_usuario`) VALUES
(1, 'admin'),
(2, 'professor'),
(3, 'aluno');

-- --------------------------------------------------------

--
-- Estrutura para tabela `tbl_users`
--

CREATE TABLE `tbl_users` (
  `id` int(11) NOT NULL,
  `id_tipo_usuario` int(11) NOT NULL,
  `nome` varchar(255) NOT NULL,
  `matricula` varchar(50) NOT NULL,
  `cpf` varchar(11) NOT NULL,
  `senha` varchar(255) NOT NULL,
  `data_registro` timestamp NOT NULL DEFAULT current_timestamp() ON UPDATE current_timestamp()
) ENGINE=InnoDB DEFAULT CHARSET=utf8mb4 COLLATE=utf8mb4_general_ci;

--
-- Despejando dados para a tabela `tbl_users`
--

INSERT INTO `tbl_users` (`id`, `id_tipo_usuario`, `nome`, `matricula`, `cpf`, `senha`, `data_registro`) VALUES
(3, 1, 'Ana Maria Silva', '2025', '11111111111', '$2y$10$WtZ1xf1ubQ4IRnCTKwyho.wA9mYRoB8nKs5ftASRxXSU5qCEi3ul6', '2025-11-08 14:03:03'),
(8, 2, 'Carla da Silva', '20251', '1234567', '$2y$10$Ganf9XyoHw6JwtiiMWcPBuDRyTS1NCdBY3wqHqAvzThMnlLFOC.Aq', '2025-10-12 12:11:50'),
(9, 3, 'Murilo SIlva', '20252', '123456', '$2y$10$zZRLD1o0v/yp4M84x4fwV.RBDumQt7UxPIe99nx3u9cAzVmJs6YvK', '2025-10-12 12:21:55');

--
-- Índices para tabelas despejadas
--

--
-- Índices de tabela `tbl_anamnese`
--
ALTER TABLE `tbl_anamnese`
  ADD PRIMARY KEY (`id`),
  ADD KEY `fk_anamnese_paciente` (`id_paciente`);

--
-- Índices de tabela `tbl_endereco`
--
ALTER TABLE `tbl_endereco`
  ADD PRIMARY KEY (`id`);

--
-- Índices de tabela `tbl_evolucao`
--
ALTER TABLE `tbl_evolucao`
  ADD PRIMARY KEY (`id`),
  ADD KEY `fk_evolucao_paciente` (`id_paciente`),
  ADD KEY `fk_evolucao_user` (`id_user`);

--
-- Índices de tabela `tbl_exame_fisico`
--
ALTER TABLE `tbl_exame_fisico`
  ADD PRIMARY KEY (`id`),
  ADD KEY `fk_exame_fisica_paciente` (`id_paciente`);

--
-- Índices de tabela `tbl_paciente`
--
ALTER TABLE `tbl_paciente`
  ADD PRIMARY KEY (`id`),
  ADD KEY `fk_paciente_endereco` (`id_endereco`);

--
-- Índices de tabela `tbl_prontuario`
--
ALTER TABLE `tbl_prontuario`
  ADD PRIMARY KEY (`id`),
  ADD KEY `fk_prontuario_paciente` (`id_paciente`),
  ADD KEY `fk_prontuario_user` (`id_user`);

--
-- Índices de tabela `tbl_tipo_usuario`
--
ALTER TABLE `tbl_tipo_usuario`
  ADD PRIMARY KEY (`id`);

--
-- Índices de tabela `tbl_users`
--
ALTER TABLE `tbl_users`
  ADD PRIMARY KEY (`id`),
  ADD UNIQUE KEY `matricula_unica` (`matricula`),
  ADD KEY `fk_user_tipo_usuario` (`id_tipo_usuario`);

--
-- AUTO_INCREMENT para tabelas despejadas
--

--
-- AUTO_INCREMENT de tabela `tbl_anamnese`
--
ALTER TABLE `tbl_anamnese`
  MODIFY `id` int(11) NOT NULL AUTO_INCREMENT;

--
-- AUTO_INCREMENT de tabela `tbl_endereco`
--
ALTER TABLE `tbl_endereco`
  MODIFY `id` int(11) NOT NULL AUTO_INCREMENT, AUTO_INCREMENT=18;

--
-- AUTO_INCREMENT de tabela `tbl_evolucao`
--
ALTER TABLE `tbl_evolucao`
  MODIFY `id` int(11) NOT NULL AUTO_INCREMENT, AUTO_INCREMENT=43;

--
-- AUTO_INCREMENT de tabela `tbl_exame_fisico`
--
ALTER TABLE `tbl_exame_fisico`
  MODIFY `id` int(11) NOT NULL AUTO_INCREMENT;

--
-- AUTO_INCREMENT de tabela `tbl_paciente`
--
ALTER TABLE `tbl_paciente`
  MODIFY `id` int(11) NOT NULL AUTO_INCREMENT, AUTO_INCREMENT=16;

--
-- AUTO_INCREMENT de tabela `tbl_prontuario`
--
ALTER TABLE `tbl_prontuario`
  MODIFY `id` int(11) NOT NULL AUTO_INCREMENT, AUTO_INCREMENT=15;

--
-- AUTO_INCREMENT de tabela `tbl_tipo_usuario`
--
ALTER TABLE `tbl_tipo_usuario`
  MODIFY `id` int(11) NOT NULL AUTO_INCREMENT, AUTO_INCREMENT=4;

--
-- AUTO_INCREMENT de tabela `tbl_users`
--
ALTER TABLE `tbl_users`
  MODIFY `id` int(11) NOT NULL AUTO_INCREMENT, AUTO_INCREMENT=10;

--
-- Restrições para tabelas despejadas
--

--
-- Restrições para tabelas `tbl_anamnese`
--
ALTER TABLE `tbl_anamnese`
  ADD CONSTRAINT `fk_anamnese_paciente` FOREIGN KEY (`id_paciente`) REFERENCES `tbl_paciente` (`id`);

--
-- Restrições para tabelas `tbl_evolucao`
--
ALTER TABLE `tbl_evolucao`
  ADD CONSTRAINT `fk_evolucao_paciente` FOREIGN KEY (`id_paciente`) REFERENCES `tbl_paciente` (`id`),
  ADD CONSTRAINT `fk_evolucao_user` FOREIGN KEY (`id_user`) REFERENCES `tbl_users` (`id`);

--
-- Restrições para tabelas `tbl_exame_fisico`
--
ALTER TABLE `tbl_exame_fisico`
  ADD CONSTRAINT `fk_exame_fisica_paciente` FOREIGN KEY (`id_paciente`) REFERENCES `tbl_paciente` (`id`);

--
-- Restrições para tabelas `tbl_paciente`
--
ALTER TABLE `tbl_paciente`
  ADD CONSTRAINT `fk_paciente_endereco` FOREIGN KEY (`id_endereco`) REFERENCES `tbl_endereco` (`id`);

--
-- Restrições para tabelas `tbl_prontuario`
--
ALTER TABLE `tbl_prontuario`
  ADD CONSTRAINT `fk_prontuario_paciente` FOREIGN KEY (`id_paciente`) REFERENCES `tbl_paciente` (`id`),
  ADD CONSTRAINT `fk_prontuario_user` FOREIGN KEY (`id_user`) REFERENCES `tbl_users` (`id`);

--
-- Restrições para tabelas `tbl_users`
--
ALTER TABLE `tbl_users`
  ADD CONSTRAINT `fk_user_tipo_usuario` FOREIGN KEY (`id_tipo_usuario`) REFERENCES `tbl_tipo_usuario` (`id`);
COMMIT;

/*!40101 SET CHARACTER_SET_CLIENT=@OLD_CHARACTER_SET_CLIENT */;
/*!40101 SET CHARACTER_SET_RESULTS=@OLD_CHARACTER_SET_RESULTS */;
/*!40101 SET COLLATION_CONNECTION=@OLD_COLLATION_CONNECTION */;
